Source_id,Sentence_en
1,It also helps in troubleshooting Eclipse program.
2,"""By faith I speak: even as it is written, We also have the spirit of faith,"""
3,Then it will automatically search for the driver. I will click on Cancel.
4,"For all iterations, the iterator is set to the index value of each. 1.1 followed by 1,2 is..."
5,"""And when he had opened the second seal, I heard the voice of the second living creature, saying, Lo, I am."""
6,We have learnt that objects are stored in their respective position fields.
7,Boy has trust in you all.
8,You may be amazed to observe nature.
9,"""And his affection aboundeth in you, when he remembereth how ye obeyed his voice, and received him with fear and trembling."""
10,"""In rainy season, part of the water reaches the ground and becomes dry. Then it gathers together and becomes ground water."""
11,They will see the book.
12,Grandfather came from the library.
13,"Go back to the upper limit and from 0 to 9 in the tab, click on 7."
14,The align and distribute dialog box opens on the right side of the interface.
15,Click on the line number to set the breakpoint.
16,We have done here exactly what we did for Borrowed Books.
17,"""Classical period is defined by the Yoga Sutra of Patanjali, the first systematic presentation of Yoga."""
18,They all fell.
19,"Apache, MySQL and PHP obtained through XAMPP 5.5.19,"
20,"Here, we can assign a title to our document."
21,The army follows these.
22,1. Which cells are found?
23,"In the launcher, we can add a shortcut."
24,"""The height of the shed should be such that it is too small to store and the village cannot be fed."""
25,"Various modern materials are also used in the manufacture of various objects such as hand tools, handwriting, telephone, refrigerator, television, etc."
26,You can also get rid of some insects and so on.
27,"""Everyone should be ready for marriage."""
28,Boy displays affection in you.
29,"""For thou knowest that all that are in Asia have forsaken me: among them is Phugelus and Hermogenes."""
30,"For this tutorial, I am using the title of Indian Journal of Microbiology."
31,"Publisher, Collection title,"
32,The second step is to place the legs in pairs with each other.
33,I select the shortcut Brush and then de-select the Gradient and select my preferred colours.
34,"Next, we will forward it to the successUser page."
35,Plants and plants grow by other rules.
36,"""Therefore ye are no longer strangers and strangers, but fellow citizens with the saints, and citizens of God."""
37,The tribal dances are usually performed in groups and on this occasion special costumes are worn.
38,"""For there is neither Jew nor Greek: for there is one Lord of all, who speaketh unto all."""
39,"So, to avoid these problems, remove any harmful plants in your garden area."
40,"To delete Basket (Order),"
41,Cooking in moisture - idli.
42,"""Then, aroused by the war of Shurpanaka, he killed Rama and his followers in battle, by the three horns of Khrushchev, who came to fight."""
43,This brings us to the end of this tutorial.
44,These are methods and constructors.
45,Pandavas also chanted.
46,"read the data in the file e.g. fp = fopen(Sample.txt, r);"
47,"For details, please write to contact@spoken-tutorial.org."
48,"Now, enter the password for Moodle Administrator. Follow the password guidelines shown here."
49,"When extracted, I will rename the FrontAccounting file as account."
50,"""And all the Gentiles, and all the children of Israel, sat in the assembly."""
51,Welcome to Meet the GIMP.
52,It should be declared before using a variable.
53,We can see the frequency of jdk.
54,"As we can see, the Course Category is Mathematics."
55,"Now, let us see how to create a simple Java web project using NetBeans IDE."
56,"""Yes, it is the death of Acharya Drona."""
57,We are here.
58,"But for the sake of convenience, I will fill only duck for Full Name and leave the rest of the details blank by pressing Enter."
59,Sit or stand in comfortable position.
60,"""And as they walked, the people spread their garments in the way."""
61,Enter INKSCAPE in the perspective.
62,Type u and press Enter.
63,"Next, let us work through the for loop."
64,See you next week. See you again.
65,Also clean the place where cows and goats are kept and other food items.
66,"Shrouded with a blanket, uncovered with an apron."
67,"If you do not have good bandwidth, download it and watch it."
68,Use double needle and join one stitch with the other to make the stitches stronger.
69,Let the back of the left arm be in contact with the spine and the right arm opposite the spinal cord.
70,Rename the layer as CD template.
71,Treat various waterborne diseases.
72,Enemy is covering.
73,Right-click the Databases node in the Services window.
74,An error occurs here.
75,We will stay here.
76,"""And it came to pass on the eighth day, that they came to circumcise the little child, and to name him Zacharias, after his father's name."""
77,"So, the controller goes to displayMessage."
78,We can now add it to the document.
79,The woman is decorating.
80,Is it necessary to read Geeta today?
81,"""Although there was no success there, some metal of gold diamond was successfully manufactured."""
82,"""Stand the knees on the ground, pull inside the abdomen and sit back while resting on the heels while tilting the buttocks."""
83,We will then call the removeFromCheckout method.
84,Boy will take suit.
85,"""Nevertheless in the Lord man is without woman, and woman is not without man."""
86,Learn about the sewing tools and specifications of sewing by hand and make a list.
87,4. leaves are usually green in colour which helps plants to make food.
88,"To get out of her box, I just click on it."
89,We were drawing a rectangle.
90,Hanumatha: One who learns from Sita in Lanka.
91,"In this brief tutorial, we have learnt about subclassification and method overriding."
92,"""And it came to pass, that Demetrius, who made the temples of Artemis silver, and made a profit for all the craftsmen, was not pleased with us."""
93,This tutorial is designed to teach the nutritional and health benefits of various types of cooking and socially useful foods.
94,Let us learn how to install software using Synaptic Package Manager.
95,These can be single cell or multicellular.
96,Click on the View this Journal Entry link.
97,Who is the spider?
98,She listens.
99,"For example, [abc] indicates that it is a regular expression, a or b or c."
100,"""On their side, they had access to water for drinking, cooking, washing clothes, etc."""
101,"""Which no one of the rulers of this age hath known; lest, when they had known it, they should not crucify the glorious Lord."""
102,We see that we also use food to express nature.
103,"""And he sent them away out of the synagogue."""
104,"""But he answered and said unto them, He that hath made me well said unto me, Take up thy path, and walk."""
105,Go to the place where the logo is saved.
106,"Sitting postures are Siddhasana, Goma Sukasana, Ardhamasayendra, Myurasana etc."
107,These are asanas.
108,Krishna is omniscient.
109,Monkey throws fruit.
110,Who are the warriors?
111,Click on the arrange button at the bottom right.
112,Induces the senses.
113,"""This was the third time that Jesus appeared unto his disciples, after he was raised from the dead."""
114,There are many rooms in this house.
115,"Now, let us add Service tax. Before that, we have to create a GL Account for Service Tax."
116,"In the old tutorial, we learnt a bit about bookmarks."
117,Now press Enter. Type dot slash if1 to execute. Press Enter.
118,Let us learn about the input/output functions and the Time-stamp functions.
119,"Next, we will parse id to book_id as Integer."
120,"""But in the days when the seventh angel shall sound his trumpet, the mystery of God shall be fulfilled, as he hath declared unto his servants the prophets."""
121,"But to redirect the error stream, you need to use 2 right angle brackets or 2 double right-angle brackets."
122,Now we can see their names in the user id space.
123,"""Vishvatam: One who has three qualities, one which is purity, and the other which is not purity."""
124,But we can send the maximum number of names to 500 people per day.
125,This class should have variables representing the following details:
126,You two are lovers.
127,Marich: Who was Marich?
128,Save the system and run it. We can see that the value is zero.
129,"In the sub-field a, type 660.62 as Classification number."
130,"Now, let us look at some common errors."
131,It improves blood circulation throughout the body.
132,What is an index sequence test in any multidimensional array?
133,Draw a circle with pink colour and black colour.
134,Error dialog box and Shortcut keys.
135,Let's come here. Let me delete it. Now I will add the figure.
136,You must have heard the name of D.D.T.
137,Here we can see that all the write permissions have been removed.
138,Read the License Agreement carefully.
139,It contains the required files for preparing LaTeX's primary documents on Windows and TeXworks is the default editor for MikTeX.
140,We can see block diagrams without mathematical expression.
141,We both must speak.
142,The Internet connection should be straightforward.
143,And the program will not be over.
144,"""Using soles to lower the legs, bend the knees to the top of the thighs."""
145,This simple line is the foundation of your drawings.
146,Krishna mounted the chariot.
147,This is explained in the Spoken Tutorial that I have created on creating equations.
148,The Spoken Tutorial project is part of the Talk to a Teacher project.
149,Koha automatically selects Spoken Tutorial Library.
150,"""And as they that were in the council looked intently at him, they saw his face as the face of an angel."""
151,Go to the browser and open your Moodle site.
152,You can type it in the title of your journal.
153,And these keys are used in other selection tools.
154,More information on this mission is available at the following link.
155,"However, do not use Internet Explorer as it does not display properly."
156,"In the prompt, type the date space plus percentage symbol as small as h and press Enter."
157,"In this tutorial, we will learn the name of the interface."
158,name the simplest and most subtle organism on earth;
159,Move the fingers backwards.
160,"""Father, glorify thy name, and I will glorify it again:"""
161,"""Some common leaves used in cooking are platinum leaves, bastard leaves, rhinestone leaves, caltrops, caster leaves, seaweed leaves, lotus leaves, dairy leaves, stereo leaves, scrambled leaves, etc."""
162,"""In those days shall men seek death, and shall not find it: they shall seek to give up their souls, and death shall flee from them."""
163,I thought.
164,ENVIRON- Shell environment variables and their array of values.
165,We have placed this part outside. Someone is sitting there.
166,It has a GUI for using apt-get command line.
167,Place the knees about 10 inches apart. Place the hands in the middle.
168,Let us see what is in the Awkdemo.txt file.
169,"""Then he saith, Behold, it is done by them: and the second passeth by, that the word might be established."""
170,explain the meaning of folk dance
171,"So, I can drag the black point to this."
172,Extract the gene HIV1gp3 (HIV1 zip3) at locations 4587 to 5165 in the HIV genomic sequence.
173,"""Then said Jesus unto them plainly, Lazarus is dead."""
174,"""For every one that doeth evil, when he seeeth his works, is in the light, and cometh not near unto the light."""
175,"Now, let us see how to execute the system."
176,Now click on OK and close the dialog box.
177,It summarizes the Spoken Tutorial project.
178,"Next, I select Step Over. The imported value in the constructor is set to 10."
179,Read the meditation shlokas.
180,What is cooking in your house today?
181,Welcome to the spoken tutorial on grep command.
182,"Next, under the Description, we will see 2 fields named as Course Summary and as the course summary files."
183,That is a Lokyanam.
184,"includegraphics, color packages use this. To keep this requirement in mind, we have to make a statement to LaTeX."
185,"Now, we will use the cout statement instead of the printf statement because we are using cout<< function to print lines in C++."
186,3. Galvilatum gives organs like the stomach and intestines to digest food.
187,List the traditional remedies used by water purifiers.
188,"So, I select the divider and correct the errors."
189,"""Here, the study of space, the movement of planets, the calculation of eclipses, the computation of calories, etc. are discussed in greater detail."""
190,"Therefore, your breath rate should be 30 to 35 breaths per minute while performing this practice."
191,"Spoken Tutorial Project is a part of the Talk to a Teacher project supported by the National Mission on Education through ICT, MHRD, Government of India."
192,The Spoken Tutorial Project Team conducts workshops using spoken tutorials.
193,"""Neither so, but he that giveth the gift: for he saith, God is against them that glory in the Spirit: but to them that are filled with grace he gives also."""
194,Satva: One who is supreme in the power of bravery.
195,Bend the right arm slowly to the right side until reaching the right leg.
196,Teacher calls the children.
197,There are two types of cleaning of the outer parts of the body.
198,"""And when they were filled with wrath, they took the apostles, and bound them, and cast them into the lowest prison."""
199,"So, I will create a new layer and name it as white and then I will select White in the Layer Fill Type and immediately I will decrease the opacity value so that we can see through the image."
200,"""Avatam: One who is present in His majesty."""
201,Some tribal dances of India can be described with examples.
202,Now add the using statement.
203,Enough.
204,There should be enough space to play this game.
205,"""Therefore take heed how ye hear: to whosoever it may be given, it shall be given: but to him that is not given, even what he hath shall be taken."""
206,Why? We have not initialized the values of the variables.
207,Now double-click on Ctrl and Z keys and disable this function.
208,Click on Selector tool.
209,I will give these to you.
210,"""As you inhale, your stomach exits and as you exhale, the stomach sinks."""
211,We will now invoke the Show Data method to print the details of the registration.
212,Click on the View menu and select the Properties option.
213,This tutorial is recorded using Maximum Resolution for efficient use of the tools.
214,Calculates Total 4000 and Actual cost 0.00 automatically.
215,Use guidelines and set them
216,The Provision field is used by a Sales Person.
217,"""And his disciples said unto him, Where shall we get bread to feed the dead in this wilderness?"""
218,Boy has friendship in that.
219,The video shown here is a Videos application.
220,"""As it is written in Hosea, The people which was not mine, I will call my own; and the people which I loved, she whom I loved."""
221,"From the Ubuntu database, you can install KTouch."
222,Boy believes in these.
223,I will select 15 day(s) for Grace period.
224,"""I know thy labors, and thine afflictions, and thy nakedness: how that thou art rich, and the reproaches of them that say they are Jews, and are not Jews, but a synagogue of Satan."""
225,"Lord Krishna says in Geeta,"
226,It is a physical exercise in which a person runs at a single pace.
227,Indicate which of the following phrases is pure or not.
228,"""But whatsoever cometh out of the mouth, those things go forth from within, and defileth the man."""
229,"In the prompt, type the date space plus percentage symbol as T plus and press Enter."
230,"""The king summoned some of the Brahmins and said, """"My mother's last wish was to offer ammon to the Brahmanas,"""""""
231,"""And the whole mountain was left in a wilderness."""
232,Do you all know the Gita?
233,The next setting is Hidden sections. These are hidden topics for students in the course.
234,Those two are virgins.
235,The first step here is General Ledger Account Classes.
236,"""Now hath he reconciled you, who were deceived, in the flesh through the death of his flesh, when he was absent in the past, and in the works of the wicked."""
237,But this is not the case with apmarjakai.
238,"""Greet Tryphena and Tryphosa, who have worked hard in the Lord. Greet my beloved Persis, who has worked hard for the Lord exceedingly."""
239,"""It is a relaxing, continuous and peaceful exercise."""
240,"""Most human actions are in harmony with nature and their impact on nature is not negative."""
241,There should be no overwhelming movement and it can disturb the body and spine.
242,Product of 5 and 2 is 10.00)
243,Son: What is going on between them?
244,"As soon as we open it, we see maths.pdf_t in the emacs editor."
245,Feel the sensation of exhalation in all parts of the body.
246,"""Know therefore, O house of Israel, that the Lord our God is one Lord;"""
247,"""In Vedic texts, there are many mantras, such as Rigveda, Yajurveda, Maitrai, Samhita, Ghoussouktam, Memory, Dharmasutra, Cow etc."""
248,Click twice to see the contents of the folder.
249,Look at two square handles and two circle or arch handles.
250,"""When food is placed on the table, it is called a buffet."""
251,"""Whom the apostles and elders, and brethren of the Gentiles, which are in Antioch and Syria and Cilicia, salute."""
252,These are two armies.
253,"However, for security reasons, it should not be direct access on the web."
254,"""Then Paul called one of the centurions, and said unto him, This young man hath a request of thee to the captain; therefore take it."""
255,"If I always forget something new, then I do it."
256,Google Calendar.... etc.
257,"""And it came to pass, when the fire was kindled, that all the people stood outside, praying."""
258,Then click on Koha Administration.
259,Smell of Sanskrit.
260,"""For this cause I wrote unto you, that I might know whether ye are obedient in all things."""
261,A new page opens.
262,"It is also mandatory to use the terminal, text editor, synaptic cache manager on Linux."
263,"For example, in a two dimensional array, an element is identified by two index sequences."
264,Those are Sanskrit houses.
265,Save the image as a .cml file.
266,Type 4.
267,Some people build objects in a small area of the house with the necessary tools.
268,It increases concentration and calms the mind.
269,"""In the practice of bhramari, use 'na-kara' instead of 'ma-kara'."""
270,"""Whom by faith they conquered kingdoms, exercised righteousness, received the rewards of promises, shut up the mouths of lions,"""
271,"""And when his disciples were come, they said unto him, Why speakest thou unto them in parables?"""
272,Enter the number 2 before the name.
273,We have to open the terminal.
274,"Now, we will try to delete it. Type the slash icon to remove the asterisk."
275,"""Food distribution India is a diverse and united country. India is diverse in languages, geographies, climates, religions and cultures. In this way, food is also diverse."""
276,You can see that this helps to create a curved pattern.
277,Now click on the newly uploaded file.
278,"""Then came certain Jews from Antioch and Iconium, and persuaded the multitudes: and when they had stoned Paul, they dragged him out of the city, knowing that he was dead."""
279,"As a result, some of the images will look good."
280,This tutorial will show you how to create a simple web application.
281,"But I can change that by changing the color. To do so, I have the shortcut key X and I will make it a bit darker here."
282,But non-static blocks cannot be parameterized.
283,It can start with the main method.
284,I am using Firefox web browser and active internet.
285,Let us see the action of the code.
286,"""1. Seeds are harvested therein in order to get adequate water, oxygen and heat."""
287,"""And the servants of the owner of the house came and said unto him, Sir, didst thou not sow good seed in thy field? have thou not come forth to reap?"""
288,Common Hand-Sewing Skills
289,"""After that John was put in prison, Jesus came into Galilee, preaching the gospel of God, and saying,"""
290,Now let us see how the code works. Save and run.
291,Go to the applications in the menu items and to the Programming and Netbeans IDE icon.
292,"""That thou mayest receive a reward in the resurrection of the righteous, when they shall be cleansed."""
293,And I will show you the code for this.
294,Rama conquers Ayodhya.
295,"""And there found he a certain man, Aeneas, whose name was paralyzed for many years, lying in his bed."""
296,Then we iterate by the result set.
297,The output shows the number of alignments in the dna2 sequence.
298,"GIMP uses many smaller windows, like Windows and Macintosh programs."
299,"""Food, by definition, is any of the foods that we eat or drink, provided that it supplies nutrition to our body."""
300,Let us go back to the place where we want to put the box.
301,"""And when he asketh bread, he giveth him a stone: or when he asks for a fish, he giveeth unto him a serpent:"""
302,"At the same time, make a tight fist forwards with the palms."
303,"Now, let us learn how to give a stroke or outline to an object. First, we should use the Stroke paint tab."
304,Bharata went to Rama of Mahatma and prayed with great fervor.
305,Scroll down and click on Save and display button at the bottom of the page.
306,"Right-click on Open. From the context menu, select Events, Action, Action Performed."
307,"""And when the evening was come, he was with the twelve."""
308,Today cows are worshipped.
309,"""And, verily I say unto you, That all the blood of the prophets from the foundation of the world shall be found on this generation."""
310,"""Who art thou, O servant, that thou shouldest reproach him? for he shall be honoured above his lord, or shall be exalted above him: for God is able to make him honourable."""
311,And close the document.
312,"""Garuvar Bhavan said, 'If the sun is a star, then how is it that it is not visible at night? And at night the stars shine?' Raja asked."""
313,We will then call incrementAvailableCopies.
314,"Now, switch to 310 CURRENT PUBLICATION FREQUENCY."
315,There are mosquitoes all around the mountain.
316,"""Each worker has to dig through the soil and get air flow to it."""
317,Start by gazing at both the fingers.
318,"""And there arose a dispute among them, which of them should be regarded as greater."""
319,"""Keep the hands slightly apart from the cheeks, palms upwards."""
320,Snake enters the forest.
321,"""For my spirit is at rest, and the hour of my departure is come."""
322,Those are collars.
323,"""The breathing process of the abdomen, chest and buttocks is called total joint breathing."""
324,"In this way, we can see objects on all four sides of our body."
325,We are now on the Welcome page.
326,"So, I will go to the Sanskrit camp to study."
327,Right-click on the Exit menu item.
328,"Lesson, e.g. A Lesson b (a < b)"
329,We will learn about other options in the align and distribute dialog box in the coming tutorials.
330,This output is generated by default using a++.
331,It executes the internal statement until the condition is true. It is then incremented and the loop is repeated.
332,"Now, it is known that both the objects are selected."
333,"Therefore, milk should not be used for cooking."
334,Add the final keyword to the name variable. We have now changed the variable name to final.
335,"Now I have all the brushes in my brush section. So, I close the Archive Manager and close the file here and come back to the GIMP."
336,"This command gives us the number of blank lines because every time we see a blank line, x is printed by magnifying it."
337,"""Everybody learnt the art of war."""
338,"Now, let us define the showDetails method. Then type: public void show Details( )"
339,Click on Add stop to add another color between them.
340,"""But when thou givest, know not thy left hand what thy right hand doeth."""
341,"""And having a high priest over the house of God:"""
342,We have learnt that a member of a class can be formed by combining variables and methods.
343,Protect the rich from thieves and violent people.
344,"For example, we will place it in the center environment in front of us."
345,Sky (space)
346,Boys heard the story.
347,"""And he sent him unto Herod the tetrarch."""
348,"""And in those cities heal the sick, and preach the kingdom of God unto you."""
349,"I will type Patel, Arvind H."
350,This dance is performed in the month of October-November to show the abundance of animals.
351,I will leave the Shipping cost blank.
352,We have already deleted the processRequest.
353,This will open the short-term quiz on a given date.
354,"Now, let us use the Greater dial operator."
355,You are Vindi.
356,"Lastly, click on Save changes button and then on Done button."
357,Click on the Units drop-down list. We can change it as per our requirement.
358,"When logged in, the details of what people saw are stored in the blocks."
359,"""He was shocked to see the place where he lived, it was very dirty."""
360,Soldiers die on the battlefield.
361,It is very useful in improving vision.
362,There are a thousand kinds of living things on earth.
363,Click on the drop-down list of the Blind mode. Here are five options.
364,Do not select any other option.
365,"""And the second reason is the soil, because we have to provide water according to the soil. If there is less water in the area with rainfall, then more water should be provided in the areas with no rainfall."""
366,"""For if the body were but one member, where was the body?"""
367,Type return 0; and close the curly bracket.
368,Divide the following categories of animals:
369,"""Mother cooks a variety of dishes every day and on holidays, which we enjoy eating."""
370,The Spoken Tutorial project is a component of Talk to a Teacher.
371,"Now, in the Terminal, type:"
372,"To optimize, from the toolbar, select Auto Optimization Tool."
373,"For flood text, these options are disabled."
374,"""And three days after he called together the rulers of the Jews; and when they were come together, he said unto them, Brethren, though I had done nothing against the customs of our nation, or against the traditions of our fathers, yet the people of Jerusalem delivered me captive into the hands of the Romans."""
375,"In Screen mode, the colors are first contrasted and then multiplied and divided and complex."
376,I will select the Scale tool and save the aspect ratio. I will drag Scale into the window from the window.
377,Boy displays compassion in them.
378,The devotees of Krishna do not bow down.
379,To assign a lesson:
380,"Lord said, Durgabhwat: Rama's name is Sahasrahnam."
381,Human arms are primordial moments.
382,"Under Categories, select Java."
383,"""Am Guruvar, this is a circle map of the earth."""
384,"""And give not unto the Gentiles the holy things, and cast no freewill before the wolves: for they shall cast them all out, and they shall run to thy feet, and thou shalt be delivered."""
385,"As we can see, this condition creates confusion."
386,Let us see what happens if n is equal to 0.
387,"For self-examination,"
388,Select Start Date and End Date of the exchange to view the return.
389,There is fire in the form of energy all over the world.
390,Now I will measure the image.
391,The Create Table dialog opens.
392,Boy displays modesty in being.
393,Who are around you?
394,But a static method can only access and modify static variables.
395,"""In this Vedas, more milk is given to rice, to help in prayer and knowledge."""
396,"Here, another example indicates that Apache instance should be run."
397,We can see a square handle and a circular handle on the image.
398,Let us now learn about the difference between instance method and static method.
399,"""For because of the hardening of their hearts they did not eat, nor drink, neither did they sell."""
400,Here you can see Created With GIMP and Loop forever.
401,"""His name is Villamacharya."""
402,He will eat only the fruit.
403,"From the Folder drop down menu, select Bookmarks toolbar."
404,This is our header file stdio.h.
405,mixed
406,You have visited the country.
407,And it is not less than 40.
408,Halstein Friessian - This is a smooth-brown cow.
409,"""Wherefore death reigned from Adam unto Moses, even over them that sinned not in the likeness of the trespass of the first man: for this man is a similitude of the man that should come after him."""
410,"But you can also control sharpening if you do it yourself using GIMP. In this tutorial, I will show you how to do this."
411,"Let us change the header file ""stdio.h"" to ""iostream""."
412,This is a chariot.
413,You are the spokesperson.
414,"James, and John his brother; Andrew, Philip, Bartholomew;"
415,"""A healthy person shakes six times in a minute at most."""
416,and type the file name as ST-CD-label and click on Save.
417,"""We speak as though we were weak: but as a fool I say, If any man should boast, he shall boast also of me."""
418,Click on the Calculus course. Scroll down to see the details of the course. Click on Enrolled Users.
419,"""For God hath delivered them into lust after their own lusts: for their wives defileth their own husbands,"""
420,Do not create the main class but set it as the main project.
421,Then click on Add random question button.
422,There are devotees all around the temple.
423,"In this tutorial, we will learn to set Global System Preferences to customize Library OPAC."
424,"Next, let us see what the Status bar does."
425,"""I charge you to be circumcised, that through the mercy of God ye might be declared unto the Gentiles: as it is written, Because of thee will I praise God in the sight of Gentiles."""
426,1. What other name is Nutrition?
427,Yogi searches for God everywhere.
428,"""If I had not come and spoken unto them, they would not have sin: but now there is no remission of their sin."""
429,Lesson: Questions
430,"From the drop-down, I will select Author (A-Z)."
431,"""For a single peacock, it is necessary to have a place to live."""
432,"""Take up the sufferings with me, as a good soldier of Christ Jesus."""
433,"""And it came to pass, as they cried out to one another, he went to Moses, and desired him to make peace with them, saying, Lord, why do ye wrong one another's brethren?"""
434,Your assignment should be:
435,"Now, let me use this command."
436,The Spoken Tutorial Project Team conducts workshops using spoken tutorials and gives certificates to those who pass.
437,"Function call by value ,"
438,Prana Asana is to lie down with the force of the stomach facing downwards.
439,You can also open your own shop or you can take on the workload of the textile industry.
440,What this means is that the script overrides the tables.
441,Teacher teaches everything.
442,"""Not that the word of God was void: for they that are of Israel are not all Israel."""
443,System.out.println(n); then increase to n = n + 1.
444,"""Who shall accuse the elect of God? He that justifieth them, he will not accuse them."""
445,Hold the top of the thread and bring the thread back to its original position at the bottom of the list.
446,"""And they crucified with him two men, one on his left hand, and the other on his right."""
447,Who killed the boy?
448,"""And the Lord said unto him, Simon, behold, Satan desired thee, even Typhon, to cast out thorns out of thee."""
449,Change the lane spacing to 1.50
450,"""For out of the midst of men is the unclean thing in their hearts, the fornication,"""
451,"To open the terminal, press CTRL, ALT and T keys simultaneously."
452,We both must do.
453,The rest of the code is provided by our switch.c program.
454,The next tool is called Intelligent scissors or Scissors selection tool.
455,"""And the sick came unto him, and were healed."""
456,Bhishma comes looking at the Ganges.
457,E267 as the value of Employee ID and 10000 as Employee salary.
458,"""And when he had walked in, he saw the clothes laid therein, but went not in."""
459,Log out from your current session as Database administrative user.
460,This one learns Sanskrit.
461,Learn about the different types of asanas in this series.
462,"""Asanas to be performed with the back as opposite-karani, sarvangasana, shavasana, halasana, matsyasana."""
463,"You may be familiar with HTML and if not, please contact our website for relevant tutorials."
464,"In the next line, type else. Open the flower brackets and press Enter."
465,Those two are golikas.
466,All sorts of inks will serve your needs.
467,Note that our file name is pointer_demo.cpp.
468,"""Take my yoke upon you, and learn of me; for I am gentle in spirit, and humble in spirit; for ye shall find refreshment for yourselves."""
469,We are now in the Teacher's dashboard.
470,"Now, in the Price before Tax field, I want the Price to be 48.000."
471,Note that the servlet is similar to any other Java window.
472,We will use this keyword to call from one constructor to another.
473,I will expand the grid line with the help of the sliders summary and it will appear soon.
474,My third wish is to give me self-knowledge.
475,"""For I will go away: and evil wolves shall enter into your midst, and shall be as if they had gone forth into the wilderness."""
476,Double-clicking on the logo enables us to open Inkscape.
477,"""And I am not worthy to be called thy son: make me thy servant according to thy word."""
478,Who was Kalidas?
479,"To do so, type the command at the terminal and press Enter. We have the desired output."
480,"""Destroy not the work of God for food's sake. All things are pure: but it is not good for a man, that when he eateth, he should not be defiled."""
481,I will place the pencils in the class.
482,"""Lichvi king Bhaskarvarma, the conqueror of the Huns, Yashodharma, Sri Krishnadevaraya (great king of the Vijayanagara empire), Lalitaditya (a great warrior)..."""
483,Metal cutters are more durable than plastic cutters.
484,This is a summary of the Spoken Tutorial project.
485,"To reverse the string, we have written the code and named it reverse.awk. Reverse function is used to reverse a string."
486,"""For he that is against all things, and that are worshipped of God, shall make himself God, and shall sit in God's temple, and destroy himself as a sinner."""
487,Yoga is destroyed for the following six reasons.
488,These are created using the same commands as in the original file.
489,"""And when the Jews which stood in the house with her, and comforted her, saw her rise quickly and go out, they followed her, saying, He is gone out to the sepulchre to weep thereon."""
490,"""After a little while another saw him, and said, Thou also art one of them. But he said, I am not, man."""
491,"""Rage maker, the maker of raging diyas."""
492,Useful
493,Calms your mind when you are angry or tired.
494,The story of the play should be written from the perspective of the relevant events.
495,"""Here is an indication of any Indian medicinal plant which can be planted in your own house, which plant can be placed in your house, this plant also makes the house a positive plant."""
496,"else if conditional-expression2 is true, then perform action 2."
497,Makarana can also be called crocodile pose in English.
498,Drag the carbon to the left.
499,What did Rama do to convince Sugriva of his powers?
500,Boy displays respect in you.
501,This is called malnutrition.
502,We also need to define the move() method.
503,"""And when it was evening, the twelve with him came unto him, that he might speak unto them."""
504,You all played.
505,Observe the output. We have recovered the original sequence of indices.
506,Notice a small triangle on the left side of it.
507,Let us summarize. What we have learnt in this tutorial is:
508,The commands can be one or more lines and they are different using white space.
509,"To set up user accounts,"
510,It says that you have seen the previous color one or more times.
511,Identify instance variables and static variables.
512,"""And Peter answering said unto him, Explain this parable unto us also."""
513,"""There is only one God, Vishnu, who is the supreme being, the all-soul, the omnipotent, the indestructible Lord, the one who is spread out in three persons and enjoys the world."""
514,"""And the Lord answered and said unto him, Who is a wise and faithful man, that the Lord may give bread to his household in due season?"""
515,"""Dakhs: One who is skilled in all kinds of activities."""
516,The arrow is to drag the category up or down. This is a menu and has the gear icon settings which is indicated by the down arrow.
517,"""And he said unto him, Be thou honoured: for I will send thee far away to the Gentiles."""
518,Do not pollute the sky or the air.
519,Always click on the help icon to prioritize any field that has a guess.
520,This opens the door to oxygen in the air and the development of many types of organisms.
521,Asanas are classified as follows:
522,Achh is the name of Swaraksarana.
523,"""In a relaxed posture, chant the mantra, feel the vibrations in the body."""
524,Add and delete nodes for editing purposes.
525,Sri Krishna solved the problem of Pandavas.
526,Let me just leave it as 1.
527,Sri Krishna places Arjuna's chariot between the two armies.
528,It is commonly called isoprene.
529,You all heard the story.
530,Those two are cows.
531,Go to the toolbar and click on Apply button.
532,Right-click on the layer and select the Flatten image.
533,Then print the reverse components using a built-in method called reverse complement of the sequence object.
534,"In the same way that it is in the equations, it is possible to create brackets and use them according to the context."
535,Click on Fill in correct responses button. This will help you to see the correct answers to the questions and options.
536,"""And to be zealous in good works, to minister unto us, that our people may not be idle."""
537,"""But store up for yourselves treasures in heaven, where moth and rust do not devour, and where thieves do not break in and steal."""
538,We have minus c option.
539,Boy displays affection in that.
540,"""Knowing this first of all, that in the last days there shall come mocking men, walking in their own lusts,"""
541,"""And the city hath no need of the sun, and of the moon, to give light unto it: for the glory of God shone upon it, and the Lamb was its lamp."""
542,This will increase your energy. Exhale slowly and focus on the energy while inhaling.
543,"If we do not include any image in the logo, the Short name will also be used as the logo text. We will keep it as it is."
544,"""And when he had thus spoken, he confounded the villages, saying,"""
545,Boy displays respect in these.
546,"""And the day of fasting was come, and the sabbath day."""
547,"Now, let us demonstrate the use of static variables with an example."
548,"""Band literally means 'development' and means 'planning' or 'meeting'."""
549,"""By removing eye allergies, it enhances the brightness and concentration of the eyes."""
550,We have defined a constructor with two parameters.
551,It helps to increase blood pressure and helps to cure cardiovascular disease.
552,"So, type public void showData( ) and within brackets type the following code to print id, name, branch and number of students enrolled."
553,Practice sitting on the base.
554,Sita also left the royal garment.
555,Let us initialize the fields of the second object.
556,6.5 How do new plants grow?
557,Is there a need for a blackboard?
558,Let us switch to GreetingServlet dot java.
559,It is said that the juice of water is installed in the sun.
560,"To proceed, we have to create a database for FrontAccounting."
561,Notice that we have not initialized the value x. Awk initializes the initial value of x to zero.
562,"""He that calleth you is faithful, and he will also do it."""
563,"So, let me open it."
564,You all know the fabric.
565,"As the image gets darker and darker, I will adjust the opacity absorption."
566,Customers can also make deposits through miscellaneous sales.
567,The cursor should be above J.
568,He is not a soldier.
569,"""And forgive us our trespasses, as we also forgive them that trespass against us: and lead us not into temptation, but deliver us."""
570,Let us start with the back of the string.
571,"To use these options, you should check the check-box next to the subcategory to be dragged."
572,The Spoken Tutorial team conducts workshops using the same tutorials. Those who pass an online test also get certificates.
573,It is a state of freedom from all thoughts or peace.
574,Here is a program.
575,You can see the village of this village.
576,Write four points for cleansing the nostrils.
577,"""And he put his hands on them, and departed from that place."""
578,4. One of the seeds is white which comes out from the root.
579,"Create, delete, modify data and finally"
580,"""And with zeal to preach the gospel of peace, under footsteps."""
581,"Here, std is the namespace where the entire standard C++ library is declared. Now press Enter."
582,See details here.
583,May there be peace and prosperity.
584,These two panels
585,Flower buds. The flower bud sits blunt.
586,Type the file name as welcome.
587,"Similarly, we can assign Students to the course."
588,What do you eat?
589,The quality of the sky is the word.
590,Click on the Add button under the Activity Chooser.
591,Then click on Enter Payment button at the bottom of the window.
592,The Table environment is floated. Do not add it here. Add it directly.
593,and converted temperature.
594,Create a class named Welcome there.
595,There are two attachment keys.
596,We have learnt about the usefulness of layers.
597,An SMS message is sent to your phone.
598,"Similarly, we will learn to parse data files using functions in the sequence input-output module."
599,You can see that the image is the opposite of what it is now. I will reduce the opacity to 50%.
600,Come back to normal position with full breathing.
601,Yeti returns to Sanskrit.
602,You see another value in your interface.
603,Zoom and click on the star once.
604,"""However, the nature of the industries will change from time to time."""
605,Milk is obtained from cows.
606,main is a special function.
607,"However, the date can be edited."
608,It sends the same message to all the students selected.
609,"After reading this tutorial, you will learn:"
610,"In the Password text box, enter the password you want."
611,"Immediately, the recording software creates a movie."
612,This is achievement.
613,The tutorial has been recorded using the best resolution to help with the tools used in the tutorial.
614,"Like everything else, I record it to 800/600 pixels and reduce it to 640/480 pixels. This way it works on Apple TV."
615,Boy displays fondness in these.
616,Squeeze the cavity and open it from the inside out.
617,"It also provides some security and confidentiality options to fight against malicious web pages, spyware, viruses, trojans and other malicious activities."
618,"It is also known to be a health enhancer, immunosuppressive and medicinal invention."
619,The output is updated.
620,All the sounds in alphabet are derived from Shiva's Dhakta.
621,This one knows this.
622,The king did not imitate the success of Dilip.
623,XAMPP services were started before FrontAccounting interface was launched.
624,This statement prints the address of the variable num.
625,You all sit.
626,"""Verily, verily, I say unto you, He that believeth on me shall also do the works which I do; and shall do greater works than these, because I go to my Father."""
627,"""And he that is in the field, turn not back to take his garment."""
628,Student learnt Mathematics.
629,The Indian science of shlokas or mantras or neck stitching is one of the oldest in the world.
630,I have used Moodle 3.3 and Firefox web browser. You can use any web browser of your choice.
631,"""Plants water the soil from their roots."""
632,"This file is saved as ""HIV_geneseq.fasta"" in your home folder. Press Enter."
633,You chant.
634,The mind with restraint takes care of the present soul.
635,You all worship.
636,"""The study of knowledge, wisdom, music and art, together with the goddess Prasarvasana, can be shown as a swan."""
637,"Have I freed you, that I may speak the truth?"
638,"Now, let us see how to execute the same program in c++."
639,Click on the GL Account Classes link on the Maintenance panel.
640,"""But God spake unto the world, that he might bring forth his Son, that whosoever believeth on him should not perish, but have eternal life."""
641,"To record this tutorial, I am using: Ubuntu 11.10 Operating System,"
642,Let me name it Account balance.
643,Change the default drop-down to Home Folder.
644,"""And he saw the garments laid therein, and the garment of his head, in a separate place."""
645,"To follow this tutorial, you should have a background in Library Science."
646,"""Whom, according to the counsel and determination of God, ye delivered up, and crucified, after ye had seized him, and delivered him into the hands of wicked men."""
647,Mountains were chanting.
648,Maharishi Chaivan was an Indian Vedic sage.
649,This was the place where they all met.
650,Examine the performance of each of the steps prior to expansion.
651,"To get books and audio printers, please contact your central connector."
652,"In the course, we will learn how to create groups and send messages and notes to students."
653,"""Insects such as bees, peacocks, mosquitoes, beehives etc. are examples."""
654,Proper Seed Mantra is chanted with the names of Surya Bhagwan.
655,This opens the File Browser window.
656,Specify the question in minutes and seconds. Anybody on our team will answer the question.
657,Click on Show Layer Mask.
658,Trakta is the practice of focusing on a particular eye point.
659,Droni is used for irrigation in gardens.
660,You can use the terminal and
661,FrontAccounting interface opens up.
662,But it should not be used for teachers and students.
663,"In this tutorial, we will learn about different types of functional time. These are:"
664,"""Many kinds of machinery have been made by man in the past, but the machining done by nature is nothing like this."""
665,"""And when did we see thee a stranger, and visited thee? or naked, and clothed thee?"""
666,The first data is in the zero index.
667,Click on Edit in the Menu bar and then on Preferences.
668,"Before proceeding, make sure that you have completed this tutorial."
669,"""Verily I say unto you, It shall be more tolerable for Sodom and Gomorrah on the day of judgment than for that city."""
670,"To save the file, press Ctrl S and run the program."
671,"""Philip therefore was of Bethsaida, the native of Andrew and Peter."""
672,Let us change it to enumerate.
673,"""But Jesus, knowing their thoughts, saith unto them, Why do ye think things in your hearts?"""
674,"""I.e. the scriptures command that the younger brother should not rule before the elder brother."""
675,It helps to normalize the breathing rhythm and helps to keep the breath in a constant rhythmic pattern.
676,Noise water is used.
677,"In this tutorial, I am going to learn about Gimp and its features."
678,"""And they laid their clothes upon the ass, which Jesus had carried, and let him ride upon it."""
679,"""For they that minister well obtain honour, and glory in the faith which is in Christ Jesus."""
680,It goes from the brain to the end of the spine.
681,Here is your assignment: Add a new subcategory 2nd Year Maths in Mathematics. Remove the category Miscellaneous.
682,"""Inhale, place the weight on the chest, raise the head and place it on the ground."""
683,Keep the neck aligned with the back.
684,Basic is enough.
685,Come back to the terminal.
686,Let us move the mouse value inside the box and leave it there.
687,also four common errors that are possible and how to solve them.
688,Type: cd space slash user slash bin.
689,"""And when they had eaten, Jesus saith unto Simon Peter, Simon, son of Jonah, lovest thou me more than these? He saith unto him, Verily, Lord, thou knowest that I love thee. He saith to him, Feed my lambs."""
690,"I go to File, click on Save As and change the spread extension from tif to jpg (JPG)."
691,Why is hygiene important for humans? Write four reasons.
692,ii. Cleaning of the skin should be done on a regular basis.
693,I will come up with different ideas.
694,came out of the zoo at midday.
695,Boy displays trust in you all.
696,Let me add one and explain it later.
697,Paternal grandmother chanted the name of Krishna.
698,Bend the right leg at the knees and sit on the buttocks.
699,"""And when he had looked round about upon them all, he said unto him, Stretch out thy hand: and his hand was restored, as it was."""
700,"""But when Jesus had spoken with him, the disciples came, and entreated him, saying, Suspend her, for she is crying after us."""
701,This is a daily tutorial where you will get useful information.
702,"Here, we will execute a query to delete the submitted book from the entry Checkout table."
703,"""And they love the chief places in the synagogues, and the high places at suppers;"""
704,What if we want to delete a folder containing multiple files and subfolders?
705,She does not want reward.
706,She loves more flowers like this.
707,Marichasanam: One who is called Dandasanam.
708,"""Not one of them shall be corrupted."""
709,Boy has respect in me.
710,Click on Create a new question button and double-click on the Short answer option.
711,The selected atoms are displayed in blue colour.
712,"""As you can see, the earth's physical environment is changing and it is changing the development of organisms."""
713,"""Wherefore we also for this grace have prayed, that we may see your words, and fill up what is lacking in your faith."""
714,It is also important to provide food in the light of social values.
715,"""And when I have put new wine into a new bottle, I put no more wine out of that bottle."""
716,"Immediately, the download starts. Click on Save File button and click on OK button."
717,"""But we declare the secret of God's wisdom, which was hid in a mystery, which God for our glory ordained before the ages of the worlds."""
718,The success message is displayed.
719,"""And say, If we had lived in the days of our fathers, we would not have taken part in the slaughtering of the prophets."""
720,You all may speak.
721,"Some common applications like Calculator, Text Editor, Terminal, Firefox Web Browser, Videos and parts of LibreOffice Suite and the Home folder."
722,Notice that the response.jsp file is displayed in the Project window under the index. jsp file.
723,The Spoken Tutorial Project Team conducts workshops and gives certificates for passing an online test.
724,3. How is urine produced? What substances are present in urine?
725,"Here, I will return the value to 8 for b."
726,This article is about the contribution of Priyanka Mahābhaga.
727,Compile as before.
728,"So, here, these brushes can be used to encrypt a fake water colour or to frame an image."
729,Concentrate on conscious breathing or Pranayama.
730,Exercise repeatedly and inhale strongly throughout the body.
731,The boys heard the story.
732,Some of these are beneficial and some are harmful.
733,The structure of the cell can be called centering.
734,"""And when they had tarried there many days, Festus informed the king of the matter of Paul, and began to speak unto him: and Felix sent one prisoner of Paul bound."""
735,"""It is made of iron, steel, iron, aluminum etc."""
736,Boy displays fondness in them.
737,"""After digesting food, when a person goes to his side for food, it is called food introduction."""
738,It is difficult to understand Geeta in the sense of knowledge of Samskatha.
739,Rakhanah: One who is the protector of the tribes.
740,"For the law of the Spirit that giveth life hath delivered me unto sin through Jesus Christ, and unto death unto the law."
741,"""Lift your legs as far as you can, raise your legs, stretch your body as much as possible."""
742,I will delete the details as I do not need authentication for my proxy.
743,Vampire called for mantya war.
744,"""Yes Guru! I know this is normal behavior."" Gopal replied. He said."
745,Enter your admin password and click on Authenticate button.
746,"Now, let me talk about declaring a string."
747,Let us change the opacity of the arrows.
748,"Now, let us call the method in the main method."
749,Type: grep space minus i spacewithin double quotes ankit space saraf after the double quote space grepdemo.txt
750,"If not, please visit our website for relevant tutorials."
751,Locate the zip file size of 30Mb and click on Open.
752,Step 4 - Chaturanga Dandasana
753,The error indicates that we have to give an implementation to the Animal interface.
754,"""And whosoever offend one of these little ones that believe on me, it would be better for him to be bound around the neck, and to be baptized into the sea."""
755,"""And Judah the Samaritan begat Perezereh, whose son Perez was Heshron's son."""
756,"To do so, a window called Save File opens which tells us to fill in the File name."
757,The works of poets are poems.
758,"""But Paul answered and said, I stand before the judgment seat of Caesar, where I ought to be judged: I have done the Jews no wrong, as thou knowest thyself well."""
759,"""And the people stood, and the rulers cried out, saying, This man saved others; save thyself now, if he be the Christ of God, the Chosen One."""
760,They conquered the country.
761,Veeta has the following characteristics:
762,We can change the size and rotation of the star using another handle.
763,Course category is set by the admin.
764,Now type: ls space -l space example1 and press Enter.
765,You can see some area code shapes. Click on the triangle and drag it onto the canvas. Type the case and remove the Stroke.
766,Bend the fingers together and align the head and trunk.
767,"""If any man examine himself, he shall be an object of the Lord's service in every good thing, worthy of honour."""
768,"""For whosoever hath not the Spirit, he is the Son of Christ."""
769,It creates a declarative region and defines a scope.
770,Benefits and Harm of Bacteria
771,"""Before the sewing machine, bakhi machine was used for sewing cloth."""
772,"""Flowers grow insects in their own colour and ferns give birth to females' feathers which go to their hair and produce fruit in flowers."""
773,"""And the king answered and said unto him, Whatsoever thou shalt say, I will do unto thee."""
774,"After this tutorial, you will be able to complete your drawing and make your own recommendations."
775,"Now, let us start today's tutorial."
776,We can see that the home page of Glassfish Server is visible.
777,Click on the mouse link for the details of the happer link address.
778,Now I have learnt a good method to get the color index.
779,Let me configure the CD design layer.
780,"""And for the blood of the Lamb, and for the word of their testimony: and they have not forsaken him, neither have they loved him: and their sorrows were in death."""
781,Let us run the code. Run it safely.
782,Keep the palms on the ground close to the legs.
783,Now I will click on Scale and get the image measured.
784,"If the default option is not selected, select Default for Calculus."
785,"11 and Rajuima values are sent to the constructor. So, here it is."
786,"Now, click on the button next to this field."
787,Then resume the lesson.
788,Girls like to entertain.
789, The age must be a positive integer.
790,"In this context, it should be represented as zero because there is less use here."
791,"""And the seven angels that had the seven trumpets, went forth to blow them."""
792,I will get a good grade.
793,Now we will learn how to use this keyword.
794,I know the book.
795,The Spoken Tutorial Team conducts workshops based on this tutorial.
796,"""And when they had received them, they came to Antioch, and received the epistle."""
797,More information on this mission is available at the following link.
798,"""Thou teachest others, teachest thou not thyself? and preachest that thou forbidest, and forbiddingest, stealest thyselves?"""
799,The General menu has two sliders: Quality and Fog.
800,Please do not ask unrelated questions. This will avoid confusion and confusion.
801,"""And if they shall not stand, they shall also be planted: for God is able to plant them."""
802,Click on Save.
803,"""And when they had taken Jason and the others, they let them go, receiving a fine."""
804,It helps to create different quizzes for each academic year or for different subjects.
805,A number representing the same PID as the existing shell.
806,1. Asana supports the development of the person.
807,"If so, please refresh after a while."
808,I wrote a Sanskrit song.
809,Asanas to be performed on the abdomen - Makarasana 1
810,"Here, the file ABC is in the XYZ directory."
811,"This is because if you change any method to final, you have to override it."
812,"""There are talents, all the beloved ones are far away from the good and the bad."""
813,Now enter the password and click on login.
814,"Now, let us look at the URL."
815,"Above the Background layer, I will make a copy of the original."
816,"Here, the first layer is to create a sequence record object."
817,He received a gift from the goddesses.
818,Ancient Indians knew about the disease of cows.
819,"""For it is hard for any man to lay down his life for the sake of a man that doeth good; but no man lay down himself for a righteous man."""
820,"Again, click on Account Description drop-down box and select Capital option."
821,"If the errorMsgs directory is not empty, we will display the error Msgs in the addUser dot jsp directory."
822,Now click on Save.
823,"""And what shall we say unto our father Abraham in the works?"""
824,"As you can see, we are using only the default keyword."
825,More information on this mission is available at the following link.
826,Again Antialiasing is for soft regions.
827,"Since this page, Tag number 010 does not appear."
828,Right-click on the Sample.java file in the Projects window.
829,How to reconcile and manage a Bank Account.
830,Boy has trust in you all.
831,"To start a read-only variable, we will use the keyword const."
832,"To record this tutorial, I am using: Ubuntu Linux OS 16.04 and Koha version 16.05."
833,"""And he need not every day, as the chief priests, to offer sacrifices for his own sins first, and then for the sins of the people: for he hath offered them one time, when he offered himself."""
834,"""And if Satan cast out Satan, and be divided against himself, how shall his kingdom stand?"""
835,Click on the Go to receipt page.
836,"""And when he was done, behold, one ran, and worshipped him, and said, Good Master, what must I do, that I may inherit eternal life?"""
837,"If you do not get any error messages, please note that BioPathen is installed."
838,Then go to the tab 245 TITLE STATEMENT.
839,"""And I esteem him not worthy to suffer, but to lay up my life, that I may receive this service from the Lord Jesus, to bear witness of the gospel of the grace of God."""
840,"""That we may declare ourselves servants of God, praising God in all things, being acknowledged as fellow workers in good works."""
841,"Now the space here is dark and this white is probably too white, so I will pull it down."
842,"""And when the people saw that they were departing, many knew him, and came out of every city by foot, and went before them unto Jesus."""
843,"Sometimes, the log file will not display the orbital details."
844,Enter your username as Su and press Enter.
845,"When you finish typing, check the Correctness field. This will show your typing accuracy."
846,"Now, let us look at the laptop."
847,Move the body from the knees to the soles of the feet in right and left directions i.e. clockwise and counterclockwise directions.
848,Scroll down and click on Save changes button.
849,"""May the goddess of medhayas, Ma Saraswati, who bestows compassion and glory, rejoice in us all. May she come to our side."""
850,The need for this will be strengthened.
851,"But it doesnt look good. So, change the decimal."
852,"Now, delete the format specifier."
853,People say that Saraswati is the voice of the goddess.
854,Yajapati: One who is the master of Yajas.
855,"Click on Save. First, we will convert the header file to iostream."
856,Boy displays friendship in them.
857,The code is written in the awk BEGIN section.
858,"In the course page, the Forum name appears as a link to the forum."
859,We will add another block. Click on Add a block menu on the left.
860,"Moving up, the Unit penalty field will be 0.1. I will make it 0.5."
861,Subata: One who is beautiful.
862,"To add a DNA molecule, go to Build menu next to Insert and click on DNA/RNA in the sub-menu."
863,There are many Tabs in the Preference Window.
864,Settings on the visiting card
865,Please use both these commands and see for yourself.
866,Will you listen to music?
867,Details on the download.
868,You may place your hands on the head but it is important to note that the hands do not touch the head.
869,"Let us summarize. In this tutorial, we have learnt the following topics."
870,"If not, add some errors with logic or algorithm."
871,"""Working in a workable manner is evidenced by the teachings of the Sanskrit scripture."""
872,"""And when they had measured the waters, they perceived that there was water in the river, and went a little further, and again measured it: and there they found the waters more than twenty feet deep."""
873,You will also learn how to type the blank page view every time you type.
874,"In Moodle, there are various plug-ins for teachers and site administrators."
875,We get the output as We have successfully run a java program.
876,"Given two equal integers, 1 integer is given to the chest."
877,Which flower?
878,Bhrastram - This pot is used to digest most of the eggs.
879,The Surfaces settings dialog box opens. Drag the slider to adjust opacity.
880,"""And when they saw that all the people went out to meet Jesus, they beseeched him to come into our border."""
881,Fill in the blanks at the bottom with the correct words.
882,We will now log in using the username Bella and its password.
883,Fill the chest with air and place the head on top of the inhaler.
884,This URL is based on the number of ports and the domain name provided by sys-ad during the installation process.
885,It is rotated to 90 degrees.
886,Click on the Home folder.
887,"""But woe unto you, ye that are rich! be glad: for ye shall be filled, and ye shall hunger."""
888,You can access it by right-clicking on the connection node.
889,Natarajo is another name of Lord Shiva.
890,Some of the important elements of vegetarian diet are found in various sources.
891,"""For God hath not appointed us for wrath, by the power of our Lord Jesus Christ, and for salvation;"""
892,"""And he said unto them, What reason ye among yourselves?"""
893,Agrahyah: One whose functions are not perceived.
894,"""He was the first man to appear and become very bright. He created the body and the body after creation."""
895,Arjuna is here.
896,"""And the God of peace be with you all. Amen."""
897,"Now, close this Firefox window."
898,"""And when the chief steward cometh, ye shall receive a crown of glory, which shall not tarnish."""
899,"OK. So, this is the end of the formatting and the introduction. We have come to the conclusion of the document."
900,"""And they sat there, and laid their hands upon him."""
901,Boys will wear new clothes.
902,The rotation of the earth is completed in 365 days.
903,"The selected course is displayed in the same directory as assigned to the course i.e. Admin, Course creator, Teacher, Manager."
904,Rama Lakshmana and Sita sought far away but they could not find Sita.
905,Food gives strength to our body.
906,The activity of joints is very important.
907,3. Nasika- Nasika sends various types of odor-specific messages to the brain.
908,Soldier exits.
909,"So, I will select a different colour from the background colour. What is it here?"
910,The Spoken Tutorial team conducts workshops using spoken tutorials.
911,"""The purpose of this practice is to introduce you to the three different components of breathing (abdominal, pelvic and pelvic) and to incorporate them into complete yoga practice."""
912,This brings us to the end of this tutorial.
913,These options are similar to those found in other word processor applications.
914,We have successfully installed XAMPP server.
915,Increase the pressure in the eyes.
916,"""For every one that feedeth on milk is not yet a child, neither is he in the word of righteousness."""
917,"""And they departed, and saw all things as they were told, and prepared the passover."""
918,Mooni leaves his family.
919,Letters in perspective
920,Exhale and bring the left leg forward next to the right leg and reach down with your upper body and touch the forehead to the knees as in step 2.
921,Let us go back to the terminal. Let me clear the prompt.
922,"Here, dollar 1 represents the first field, i.e. roll number. The value is dollar 6 multiplied by zero point 3' and dollar 6 is the stamp value."
923,Students watched the play.
924,"To do so, go to the top right corner. Click on spoken tutorial library. From the drop-down, click on Log out."
925,"""That when I come again, I may worship my God, and see the coming of them that sinned before, and repented not of the fornication, and of the whoredoms."""
926,I will leave them blank.
927,QUESTIONS 8.3
928,"(hash) #include, space, opening angle bracket, closing angle brackets."
929,"So, I will go to Filters >> Enhance >> Sharpen, respectively."
930,Click on Stop to pause the auto optimization action.
931,3. Varahmihir
932,The Spoken Tutorial project is part of the Talk to a Teacher project.
933,It tells us to give write permission to the directory.
934,Export the file in 'eps' format and view it.
935,Now I want to talk more about Paintbrush and the selection of brushes for painting.
936,Naikamay: One who holds many Mayas.
937,"""Which cause I glory in God in Christ Jesus."""
938,You are an archetype.
939,Next comes the Birthday option.
940,"""And Jesus said unto them, A prophet is without honour, except in his own country, and in his family, and among his own household."""
941,"""And I beheld, and, lo, there stood a white horse; and the devil followed him, whose name was Death: and dominion was given unto him over the fourth part of the earth, that they might kill men with the sword, and with pestilence, and by wild beasts."""
942,iv. Pramastiskana
943,"We have started with cropping the image correctly. In the next tutorial, I will show you what can be done with the image."
944,Let me go to the terminal and clear it.
945,"Now, let us come back to the slides and learn about the main function."
946,"""Bhakti influences joy, divine exultation, peace and knowledge."""
947,"""Let the elders, especially they that work hard in the word of God and in doctrine, be esteemed worthy of double esteem."""
948,"""See ye that man is justified by works, and not by faith without soundness."""
949,"""And when Paul had accomplished all these things, he made up his mind to go up to Jerusalem through Macedonia and Achaia, saying, When I shall be there, it is necessary for me also to see Rome."""
950,The output is displayed in GC content percentage.
951,It looked like a new thing.
952,Note that all C files have .c(dot C) extensions.
953,Sadgati: One whose speed is supreme.
954,"So, I select the Clone Tool and resize the Brush."
955,"""That by him all things might be manifested now in the church, to the chief angels and principalities in heaven."""
956,"""Kuda Leaf - This is a small tree growing to 6 meters tall. Its leaves are parallel and 10-12 in number."""
957,"As a result, we see the Hello space World."
958,"In the prompt, type the date space plus percentage symbol as small as h and press Enter."
959,"""Let the Lord have mercy on the household of Bernicepharus: for he hath despised me exceedingly."""
960,Browse the path of the following folder.
961,Ubuntu Linux OS has many workspaces or desktops.
962,"In the new window that opens here, type the username you want. I want to name it as frontacc."
963,A message appears at the top saying Journal entry has been entered
964,Search for the image of the settings.
965,"""And through him we have obtained a new covenant, not of the written word, but of the Spirit: and the written commandment is unto death, but the Spirit is unto life."""
966,The data in the Level field is now displayed as 2.
967,"It works on Linux, macOS and Windows."
968,---Add the audio @02:32 from the tutorial nstallation of FrontAccounting on Window OS timing 08:10 to 08:30---
969,The following five trees are famous for their divine qualities and their relationship with the goddess.
970,"""Behold, I have given you authority to tread under foot serpents, scorpions, and doves, and all might; and nothing shall hurt you at all."""
971,"""Inhale, inhale without any pressure. This inhalation should be filled normally."""
972,"""And ye have not read, That a man shall leave his father and mother, and shall be joined to his wife; and the two shall become one flesh?"""
973,"""And Zechariah said unto the angel, How shall I know this? for I am an old man, and my wife is an old woman."""
974,"So, here we will list only the changes."
975,"If the student wishes to have their status automatically, fill in the fields in this section."
976,"From the Home page, click on Cataloging."
977,'while' loop
978,The output of the ls command serves as the input for the wc command.
979,"To connect a printer to a computer,"
980,"""And the rest of them went, and took the wood of the ship, or whatever they had to do with it. And they all fell to the ground, and lay their hands on the ground."""
981,"If all the conditions are false, the last section Else will be executed."
982,Select MMFF94 Force Field and click on Start button.
983,Bhutakar: One who is the creator of all beings.
984,"A file has a name, multiple names, administrative details, date of creation and modification of a file, etc."
985,There are three qualities of fire words - touch and colour.
986,Explain geometry and structure of nanotubes in coordination compounds.
987,This prevents the heating of the machine.
988,The nostril is in both eyes.
989,"In Bcc, we will enter stlibreoffice@gmail.com and info@spoken-tutorial.org."
990,"Here, the first field is roll number and the sixth field students are stamped."
991,This tutorial on Blocks in Admin's Dashboard explains how to add and remove blocks.
992,"""Many ancient Indian texts give guidelines for the safety and health of cows."""
993,"""Among whom also ye are, even ye who are called in Christ Jesus, both of whom also the Gentiles are ambassadors, that they may believe for his name's sake;"""
994,"""Inhale deeply, exhale out loudly."""
995,"""Before the cock crows, thou shalt break my legs three times, and come out, and drink thy wine, that thou mayest remember the name of Jesus, which thou hast spoken."""
996,The patient gives thanks to the physician for the treatment of the disease.
997,"""Nathanael answered him, Can any good thing come out of Nazareth? Philip saith unto him, Behold it."""
998,"And, I will drag it to the top of the toolbox. It is here."
999,"The edit, hide, duplicate and delete settings of the resource are available at this link."
1000,"""Expand the body slightly, close the eyes, rest the body completely."""
